No.,Title,Subtitle,Score,Strengths,Issues,Recommendation
1,Copy. Paste. [Validate].,Effortlessly validate AI outputs with Chex.,98,"Perfect workflow, instantly clear, professional",None,EXCELLENT - Use as-is
2,AI [hallucinating] again?,Catch AI errors before they catch you with Chex.,95,"Strong hook, viral potential, clear problem",None,EXCELLENT - Use as-is
3,When [confidence] is just not enough...,Introducing Chex - the AI Bluster Duster.,88,"Good setup, 'Bluster Duster' is memorable",'Bluster Duster' may confuse non-native speakers,GOOD - Consider 'Confidence Duster' for clarity
4,$10M lawsuit. One AI [hallucination].,Don't let AI errors cost you. Validate with Chex.,97,"Extremely compelling, high stakes, fear-based",May be too aggressive for some audiences,EXCELLENT - Best for enterprise/legal
5,[Trust] but verify your AI.,Automated validation for every AI output. Chex.,92,"Classic phrase, instantly understood",Slightly formal,EXCELLENT - Use as-is
6,Your AI just made that [up].,Catch hallucinations with Chex.,94,"Direct, conversational, relatable",Subtitle could be stronger,VERY GOOD - Consider: 'Stop hallucinations before they go live. Chex.'
7,Get due diligence [done].,Use AI responsibly with Chex.,90,"Professional, compliance angle",'Responsibly' is vague,GOOD - Consider: 'Validate AI outputs with Chex.'
8,That ChatGPT answer? [Wrong].,Validate AI outputs before they go live. Chex.,93,"Provocative, challenges blind trust, specific",May alienate OpenAI fans,EXCELLENT - High engagement potential
9,AI makes [mistakes].,Chex [catches] them.,85,"Simple, clear","Two underlines dilute focus, less impactful",REVISE - Use: 'AI makes mistakes. Chex [catches] them.'
10,The AI [safety net] you need.,Validate AI outputs with Chex.,87,"Good metaphor, risk mitigation angle",Somewhat generic,GOOD - Use as-is
11,Separate Unbelievable from [Not-Believable].,Trust but verify AI with Chex.,72,Clever wordplay,"Confusing - 'Not-Believable' isn't clear, grammar awkward",WEAK - Revise to: 'Unbelievable. Or just [not believable]?' / 'Verify AI claims with Chex.'
12,Fighting fire with [fire].,Use AI to validate AI outputs. Chex.,86,"Classic phrase, meta approach","Cliché, 'fire' doesn't clearly mean AI",GOOD - Consider: 'Fight [AI] with AI.'
13,Your boss asked for [sources].,Validate AI outputs automatically. Chex.,95,Highly relatable workplace pain,None,EXCELLENT - Use as-is
14,AI [creativity] without the liability.,Validate outputs before they go live. Chex.,92,"Great benefit statement, legal angle",None,EXCELLENT - Use as-is
15,[Verify] every AI output.,Automated fact-checking with Chex.,82,Clear action,Imperative is less engaging than problem-focused,GOOD - Consider different title
16,Don't be [that] company.,Catch AI errors before your customers do with Chex.,94,"Social proof fear, powerful motivator",None,EXCELLENT - Use as-is
17,AI getting too [creative]?,Ground your outputs with Chex.,91,Good euphemism for hallucinations,'Ground your outputs' could be clearer,VERY GOOD - Consider: 'Ground truth your outputs with Chex.'
18,Before you hit [send]...,Validate AI outputs with Chex.,88,"Decision moment, relatable",Common phrasing,GOOD - Use as-is
19,Don't let AI embarrass you.,Validate with Chex.,89,"Clear benefit, emotional angle",Title lacks underline/emphasis,VERY GOOD - Consider: 'Don't let AI [embarrass] you.'
20,Due diligence for the [AI] age.,Validate AI outputs with Chex.,87,Positions as modern necessity,Somewhat formal,GOOD - Use as-is
21,AI [lies]. We catch them.,Automated validation for AI outputs. Chex.,86,"Direct, aggressive, clear",'Lies' is harsh - may be too aggressive,GOOD - Consider softer: 'AI [fabricates]. We catch it.'
22,[Receipts] for your AI claims.,Validate sources and facts with Chex.,92,"Social media language, accountability",None,EXCELLENT - Use as-is
23,That citation doesn't [exist].,Catch AI hallucinations with Chex.,94,"Specific pain point, highly relatable",None,EXCELLENT - Use as-is
24,Measure twice. [Validate] once.,AI output verification with Chex.,85,Classic wisdom applied,'Validate once' doesn't align with continuous validation,GOOD - Philosophical mismatch but memorable
25,Bring the [Receipts].,Validate AI outputs with Chex.,88,Social media call-to-action,Less clear value prop,GOOD - Use as-is
26,[Fact-check] faster than you can read.,Automated AI output validation. Chex.,84,Speed benefit emphasized,Less emotional hook,GOOD - Use as-is
27,One AI [hallucination] can be all it takes.,Catch AI errors before your customers do with Chex.,91,"High stakes, single point of failure",Slightly wordy,VERY GOOD - Consider: 'One AI [hallucination] is all it takes.'
28,Separate AI facts from AI [fiction].,Know the difference with Chex.,89,"Clear contrast, alliteration",Good but not exceptional,GOOD - Use as-is
29,AI [making things up]? Never.,Always validate with Chex.,87,Sarcastic hook,Sarcasm may not land in all formats,GOOD - Consider: 'Except always. Validate with Chex.'
30,Introducing AI [accountability].,Validate outputs before they matter. Chex.,86,"Important concept, professional",'Introducing' is weak opener,GOOD - Consider: 'AI [accountability] matters.'
31,[Plausible] doesn't mean true.,Validate AI outputs with Chex.,90,"Insight-based, thought-provoking",None,EXCELLENT - Use as-is
32,AI outputs need adult [supervision].,Validate with Chex.,88,"Playful, humanizes problem",May seem condescending,GOOD - Use as-is
33,[Check] yourself before you wreck yourself.,Validate AI outputs with Chex.,92,"Pop culture, highly memorable",May seem too casual for enterprise,EXCELLENT - Best for social media
34,Your AI needs a [fact-checker].,Introducing Chex.,84,Clear positioning,"'Introducing' is weak, descriptor not benefit",GOOD - Consider: 'Your AI needs a [fact-checker]. That's Chex.'
35,AI [storytelling] in your report.,Catch it before your boss does. Chex.,94,"Workplace fear, euphemism for lies",None,EXCELLENT - Use as-is
36,He hit me first. The AI [said so].,Some excuses are not good enough. Validate with Chex.,78,Creative scenario,"Confusing - requires context, niche humor",WEAK - Consider: 'The AI [said so] isn't good enough.' / 'Validate claims with Chex.'
37,AI [delulu] is not the solulu.,Validate outputs with Chex.,82,"Gen Z language, rhyme",Very niche - Gen Z only,GOOD - Only for TikTok/young audiences
38,[Peer review] for AI outputs.,Use AI to check AI with Chex.,88,"Academic framing, credibility",None,EXCELLENT - Use as-is
39,[Ctrl+Z] doesn't work IRL.,Validate AI before publishing. Chex.,91,"Digital/physical contrast, clear stakes",None,EXCELLENT - Use as-is
40,The [BS detector] for AI.,Chex validates every output.,92,"Extremely clear, memorable",BS may be too casual for some,EXCELLENT - Use as-is or consider 'The [Bluster] detector'
41,AI [improvising] your data.,Catch it with Chex.,87,"Jazz metaphor, creative",Metaphor may not land quickly,GOOD - Use as-is
42,Getting [Fake news] from your AI?,Validate before sharing. Chex.,85,Timely reference,'Fake news' is politically charged,GOOD - Consider: 'Getting [fake answers] from your AI?'
43,[Believable] lies are still lies.,Validate AI outputs with Chex.,91,"Ethical principle, insight",None,EXCELLENT - Use as-is
44,[Reality-check] your AI.,Validate outputs with Chex.,86,"Casual phrase, approachable",Common expression,GOOD - Use as-is
45,[Trust issues] resolved.,Validate AI outputs with Chex.,84,"Therapy metaphor, lighter tone",May trivialize the problem,GOOD - Use as-is
46,The AI [Bullsh*t] stops here.,Validate AI outputs with Chex.,88,"Extremely direct, Harry Truman reference",Profanity asterisk looks awkward,GOOD - Use full word 'Bullshit' or avoid
47,Detect phony [citations],Stop them with Chex.,86,Clear problem statement,"Missing period, slightly awkward phrasing",GOOD - Revise to: 'Detect phony [citations].' / 'Stop them with Chex.'
48,[Alternative reality] from AI?,Get back to this one with Chex.,87,"Timely, multiverse humor",'This one' could be clearer,GOOD - Consider: 'Ground yourself in reality with Chex.'
