Paper / Experiment,Year,Field,Essence,Dataset / System,Key Result (brief),Limitations,Reproducibility Notes,Hypothesis Link,Next Experiment
Attention Is All You Need (Vaswani et al.),2017,AI/ML,Self-attention sequence modeling,"WMT14 En-De, etc.",Transformers outperform RNNs on MT,Data+compute hungry,Extensive open-source replications,Use attention for hypothesis-driven feature learning,Probe attention patterns for causality
ResNet (He et al.),2015,AI/ML,Residual connections ease optimization,ImageNet,Deeper nets train effectively,Diminishing returns at depth,Widely reproduced,Adopt skip-connections in model backbone,Ablate skip-depth vs. generalization
Diffusion Models (Ho et al.),2020,AI/ML,Denoising diffusion for generation,ImageNet/CIFAR,High-fidelity generative modeling,Sampling speed trade-offs,Multiple replications,Use diffusion priors for hypothesis space,Test classifier-free guidance impacts
AlphaFold2 (Jumper et al.),2021,Biology/AI,Structure prediction via deep learning,PDB/Protein sequences,Near-experimental accuracy in many cases,Dynamics/complexes less certain,CASP verification/benchmarks,Constrain protein hypothesis with predicted folds,Validate with wet-lab mutagenesis
CRISPR-Cas9 (Jinek/Doudna/Charpentier),2012,Biotech,Programmable gene editing,Bacterial immune system / mammalian cells,Targeted genome modifications,Off-target effects,Extensive independent replications,Tie gene edits to functional hypothesis,Deep-seq to quantify off-targets
mRNA Vaccines (Karikó/Weissman et al.),2005–2020,Immunology,Nucleoside-modified mRNA for vaccines,LNP delivery in vivo,"Rapid, safe antigen expression",Cold-chain/logistics,Global real-world data,Model immune response priors,Test adjuvant tweaks in mice
Climate RCP/SSP Scenarios (IPCC),2014–2023,Climate,Standardized forcing scenarios,Earth system models,Comparative climate projections,Scenario uncertainty,Cross-model ensembles,Bound hypothesis with scenario range,Downscale regional impacts
"Quantum Supremacy (Arute et al., Google)",2019,Quantum,Random circuit sampling,Sycamore processor,Demonstrated specific computational advantage,"Task-specific, debatable metrics",Independent scrutiny ongoing,Incorporate NISQ constraints,Benchmark alternative supremacy tests
Graph Neural Networks (Scarselli/Kipf),2009–2017,AI/Graphs,Message passing on graphs,Cora/Citeseer/Pubmed,Strong relational learning,Oversmoothing,Many open-source proofs,Apply GNNs to hypothesis graph,Calibrate depth vs. performance
Single-Cell RNA-seq (Tang et al.),2009,Genomics,Transcriptomics at single-cell resolution,Various tissue datasets,Reveals cellular heterogeneity,Batch effects,Many protocols available,Map hypothesis to cell states,Integrate multi-omics for validation
